True Values,Predicted Values
-6.68,-6.562413974663968
-5.96,-5.733604034901501
-5.23,-5.933041613020664
-5.17,-5.43881357713187
-5.58,-5.730720247533458
-6.24,-5.651608932165955
-4.89,-5.4488203390219505
-6.65,-6.55306437021266
-4.77,-5.034065811309125
-5.41,-5.777047986375296
-5.58,-5.931976921589128
-4.32,-4.764834360075685
-5.03,-5.489792860783168
-6.14,-5.861227489204073
-6.22,-5.848802474703669
-5.66,-5.338431349970117
-6.55,-6.0367747104229466
-5.33,-5.779406803490746
-5.17,-5.182473744809928
-4.71,-4.968654729476134
-4.54,-5.097047715512419
-5.6,-5.322398585440952
-6.17,-6.10617038163587
-5.75,-6.364397917712703
-5.1,-5.5307833166397975
-4.68,-5.287032138466296
-6.03,-5.663328049580396
-5.79,-6.0876670120356025
-5.04,-5.1563779425726874
-5.6,-6.751182397198782
-6.31,-6.562413974663968
-5.7,-5.683157115249316
-4.72,-5.062861416453157
-4.85,-5.6584012717852055
-5.64,-5.8113177904336
-5.71,-5.8113177904336
-5.41,-5.621069024874058
-5.8,-5.929561775673759
-4.99,-5.365490463418565
-5.93,-6.121450459703312
-5.43,-5.638049245253432
-6.81,-6.547169578734775
-5.52,-5.581200011412751
-5.63,-5.838922388573057
-6.7,-5.653528995744487
-5.39,-6.121450459703312
-5.54,-5.597126288752841
-5.6,-5.7104790695996135
-6.49,-5.4636838473205
-4.52,-5.127797335915873
-5.98,-5.357056634728774
-7.0,-6.057915577114213
-5.8,-5.48574479485999
-6.54,-5.9192103419695306
-5.21,-5.480937854401755
-5.16,-6.32234234688623
-5.71,-6.230194219893612
-5.08,-5.686697065574555
-5.89,-5.725982459766441
-5.46,-5.8113177904336
-5.96,-6.075641652111494
-6.85,-6.55306437021266
-5.43,-5.788449390906469
-5.41,-5.536143728823174
-6.51,-6.254593285696803
-6.03,-6.0821642637638895
-5.05,-5.5621172289487655
-5.59,-5.43881357713187
-5.61,-5.8113177904336
-4.7,-5.064929773855791
-5.63,-5.365490463418565
-5.6,-5.469658933365771
-5.47,-5.536143728823174
-5.53,-5.779874740812537
-6.5,-6.171360158473785
-5.61,-5.907858568592934
-5.3,-5.4488203390219505
-4.86,-4.9652170763969234
-5.43,-5.212123462020236
-5.09,-5.120944996032183
-5.89,-5.954307931735811
-5.89,-5.2929085500027915
-5.47,-5.838922388573057
-5.27,-5.5307833166397975
-4.7,-4.840244038812497
-4.46,-4.779201083002607
-6.85,-5.9912972062255125
-6.09,-6.149559177622908
-5.7,-6.007904153633232
-6.56,-5.676664882259139
-5.93,-6.121450459703312
-6.41,-6.121450459703312
-5.43,-5.678069125875252
-6.78,-5.8113177904336
-4.64,-4.9345410717802265
-7.26,-6.005963806775576
-4.96,-5.554935098583028
-5.5,-5.69907766506844
-5.71,-5.725342577898163
-6.2,-5.9244846085073615
-6.47,-5.75695491121503
-6.34,-5.4959514049505875
-4.35,-5.053186839224
-6.5,-5.651130266714789
-6.8,-6.190950643852967
-4.46,-5.782871176560798
-5.51,-5.766762108621799
-5.64,-5.865490081846909
-4.85,-4.913368683256675
-6.59,-6.55306437021266
-5.31,-5.476686626985081
-5.92,-5.742121652064632
-5.32,-5.478592474173269
-4.42,-4.764834360075685
-5.13,-4.944630155398205
-5.94,-5.730720247533458
-4.8,-5.745590040855547
-6.43,-5.6307527068171925
-8.36,-6.52077671113965
-5.12,-5.710663917293936
-5.09,-5.882633755986019
-6.67,-6.005963806775576
-5.3,-5.149762353186411
-5.08,-5.420506280474648
-5.01,-5.340655668233583
-6.29,-6.0250555930085055
-7.33,-6.17786045696111
-5.4,-5.988002677362693
-5.9,-5.838922388573057
-5.72,-5.9277739922436545
-5.64,-5.540162097809794
-5.84,-6.150310800845103
-6.13,-5.596603939511859
-5.17,-5.8113177904336
-5.54,-6.1903905083761055
-6.01,-5.861227489204073
-4.44,-4.799297996974058
-6.44,-5.8113177904336
-6.03,-5.7455837558320075
-7.89,-7.7308125356712925
-6.8,-6.052198177505426
-5.88,-5.6878401870997815
-5.25,-5.155642000841073
-6.18,-5.596603939511859
-5.5,-5.678069125875252
-8.0,-6.699375991340125
-4.47,-4.889177243161398
-4.8,-5.1504738351559185
-5.1,-5.688994487626959
-6.38,-6.171360158473785
-7.54,-5.916492406843783
-5.32,-5.598506103424174
-5.96,-5.762354855720269
-7.55,-6.0821642637638895
-6.03,-6.296362060699692
-6.55,-5.981157631804274
-5.11,-6.0964843409308775
-4.54,-4.806735668539069
-6.01,-6.121450459703312
-6.72,-6.171360158473785
-5.08,-5.461190260662822
-5.88,-5.83393896640512
-5.49,-5.8113177904336
-6.56,-6.2079889581121295
-5.11,-5.3240723076766345
-6.05,-6.254593285696803
-5.69,-6.073672969136849
-5.0,-5.489792860783168
-6.32,-5.938796718752262
-5.29,-5.536143728823174
-5.68,-5.756985160363181
-5.68,-5.598506103424174
-6.26,-5.756985160363181
-5.12,-5.49776329770292
-5.93,-6.121450459703312
-5.42,-5.45510624976077
-4.96,-5.43881357713187
-5.78,-5.598506103424174
-5.64,-5.338431349970117
-4.41,-4.7065866530188645
-5.36,-5.756985160363181
-6.22,-5.756985160363181
-5.81,-6.009849858905055
-5.82,-5.756985160363181
-4.96,-5.155642000841073
-5.63,-5.8113177904336
-7.17,-5.916492406843783
-5.89,-5.730720247533458
-5.81,-6.064881801848179
-6.01,-6.150310800845103
-6.96,-6.55306437021266
-5.9,-5.779406803490746
-5.66,-5.43881357713187
-5.76,-5.838922388573057
-5.18,-5.861227489204073
-6.08,-6.1484649676250935
-5.47,-5.555369519155324
-6.45,-6.005963806775576
-4.6,-4.83582324771046
-4.93,-5.61198979705139
-4.52,-4.999602174410752
-5.09,-5.425996608827796
-5.95,-5.779406803490746
-6.63,-5.8113177904336
-7.32,-6.556302151865503
-5.99,-5.946347031205006
-5.68,-5.831002859649335
-6.85,-7.253588238659557
-5.36,-5.76131195487022
-6.28,-5.938796718752262
-4.82,-4.626425727358646
-5.31,-5.581200011412751
-5.66,-5.923933210453713
-5.22,-5.696819932077197
-5.36,-5.536143728823174
-4.67,-5.155642000841073
-5.79,-6.0250555930085055
-5.45,-5.7455837558320075
-5.48,-5.788449390906469
-6.4,-5.8113177904336
-5.74,-5.680299108273411
-6.98,-6.121450459703312
-5.46,-5.867737688394339
-5.64,-5.129808846997691
-5.27,-5.76782575224276
-5.51,-5.536143728823174
-5.82,-5.533546508423517
-6.29,-6.033677922344592
-5.41,-5.600283720269884
-6.0,-5.861227489204073
-5.35,-5.742121652064632
-5.09,-5.420506280474648
-6.1,-5.756985160363181
-4.55,-5.411345586776894
-5.07,-5.338922377979737
-5.46,-6.186330468619134
-5.56,-5.1494670789234736
-6.79,-6.55306437021266
-6.6,-5.938796718752262
-6.3,-6.302921206999422
-5.18,-5.554935098583028
-4.48,-4.9361658194492115
-5.4,-5.581200011412751
-5.72,-6.0060966442641375
-5.19,-5.488399368694957
-5.4,-5.686923502411752
-7.05,-5.7454054039102775
-6.94,-5.598506103424174
-8.71,-5.637655323837454
-6.06,-6.127274337004738
-7.14,-6.457813419440488
-5.22,-5.382950817356537
-5.08,-5.771290768130501
-5.22,-5.090132977774479
-8.28,-6.2814041387276065
-4.74,-5.053186839224
-4.99,-5.598506103424174
-5.7,-5.482868655075648
-8.0,-6.887705939424981
-4.72,-5.568761627261677
-6.61,-5.861227489204073
-6.22,-6.005963806775576
-6.27,-6.17786045696111
-6.82,-5.643454027594678
-5.17,-5.730720247533458
-6.66,-6.123023699632973
-4.33,-4.889177243161398
-5.43,-5.541342025925289
-5.35,-5.555369519155324
-6.66,-6.468892067149919
-5.96,-5.711702124006163
-5.65,-5.6813437252087855
-5.71,-5.597126288752841
-6.6,-6.105521587093042
-5.13,-5.84113040689028
-4.7,-5.075064156419106
-5.09,-5.3601270871623825
-5.04,-5.589447262223405
-6.01,-5.730720247533458
-7.6,-5.965513183196976
-4.74,-5.407352183252523
-6.74,-5.915522399466747
-5.26,-5.45510624976077
-6.85,-7.253588238659557
-6.16,-6.097342004985313
-6.85,-5.861227489204073
-6.29,-5.876352798550733
-6.85,-7.253588238659557
-5.74,-6.121450459703312
-5.17,-5.8113177904336
-5.82,-6.0367747104229466
-4.82,-5.0764408009736925
-5.8,-5.482868655075648
-7.29,-6.121450459703312
-5.68,-6.1181560730447115
-6.63,-6.3235576525730135
-4.82,-4.779201083002607
-4.74,-5.0186693667387985
-4.59,-5.217770298638676
-5.9,-5.596603939511859
-7.28,-5.7454054039102775
-5.5,-5.598506103424174
-5.33,-5.596603939511859
-6.82,-5.318881640706396
-6.39,-5.998568531556308
-6.76,-5.861227489204073
-5.5,-5.61198979705139
-5.48,-5.596603939511859
-5.14,-5.891943742063666
-5.5,-6.25945480605474
-5.23,-6.216776730510747
-5.42,-5.907858568592934
-4.54,-5.1594670776586
-4.64,-4.870797231195054
-5.79,-6.5005552271238045
-5.43,-5.365490463418565
-6.37,-5.861227489204073
-7.39,-7.582573153978475
-4.99,-5.321805467734476
-6.19,-5.756985160363181
-5.3,-5.360112584111301
-5.39,-6.089991571112901
-5.36,-6.173524436186104
-7.36,-6.556302151865503
-5.8,-5.946347031205006
-5.76,-5.706515336633451
-5.6,-5.5697986068815775
-4.89,-5.9280638465055695
-5.21,-5.643454027594678
-5.73,-5.765129807417763
-5.19,-5.178465731035228
-6.24,-5.935484953498365
-5.82,-5.756985160363181
-5.96,-5.944061634255411
-4.42,-4.808003431711245
-6.05,-5.83393896640512
-4.89,-4.840244038812497
-4.4,-5.7690837145471034
-6.43,-6.0250555930085055
-5.8,-6.010192084709956
-5.57,-5.555369519155324
-5.51,-5.779406803490746
-5.47,-5.556383963949275
-5.25,-5.609487473203897
-6.2,-5.835558736882369
-5.39,-5.861227489204073
-5.89,-5.863720226117406
-6.26,-7.55127146025053
-8.27,-6.612122989483435
-5.99,-5.7675775087718515
-5.42,-5.536143728823174
-5.91,-5.680750672138726
-5.52,-6.020985288350276
-5.83,-5.6878401870997815
-5.43,-5.425996608827796
-6.32,-5.923933210453713
-6.66,-6.121450459703312
-6.24,-6.121450459703312
-5.73,-5.891943742063666
-5.26,-5.755756507147857
-5.6,-5.598506103424174
-6.1,-5.596603939511859
-5.37,-5.730720247533458
-5.48,-5.496848166468474
-4.96,-4.742063175707172
-5.3,-6.212258493353508
-5.81,-5.7455837558320075
-5.56,-5.779406803490746
-5.37,-5.8113177904336
-5.86,-6.0821642637638895
-5.48,-5.8113177904336
-5.41,-5.861227489204073
-6.1,-5.9455458070856375
-6.11,-5.907858568592934
-6.07,-5.61198979705139
-5.69,-5.7787773395023105
-4.3,-5.33650548690977
-5.53,-5.745590040855547
-5.96,-5.300728688980034
-5.9,-5.891943742063666
-5.9,-5.621069024874058
-4.88,-5.891943742063666
-5.87,-5.934439391982457
-5.87,-5.843252042504893
-4.38,-4.773539794812872
-5.41,-5.536143728823174
-6.49,-6.005963806775576
-5.16,-5.883030082730135
-5.51,-5.536143728823174
-6.18,-5.831002859649335
-5.56,-5.598506103424174
-5.72,-5.683157115249316
-5.22,-5.598506103424174
-4.6,-4.842073473107079
-5.07,-5.340655668233583
-5.68,-5.597126288752841
-5.15,-5.155642000841073
-5.23,-5.67688001624474
-5.92,-5.114949461104202
-5.47,-5.4636838473205
-5.96,-5.598506103424174
-6.0,-5.439787320048356
-6.27,-5.946347031205006
-4.87,-5.696819932077197
-6.12,-6.0250555930085055
-4.59,-5.149269440762207
-6.14,-6.171360158473785
-5.12,-5.6813437252087855
-6.89,-6.121450459703312
-6.1,-5.993556688697494
-4.42,-5.1633149599012835
-5.29,-5.536143728823174
-5.39,-5.6778554222258455
-6.28,-6.121450459703312
-5.97,-5.745590040855547
-5.78,-5.742121652064632
-5.12,-5.555369519155324
-5.62,-5.61198979705139
-6.15,-5.936600924258647
-4.95,-5.365490463418565
-5.2,-5.8113177904336
-6.62,-6.0821642637638895
-5.94,-5.923933210453713
-5.59,-5.596603939511859
-7.43,-6.83499384232461
-6.75,-6.171360158473785
-5.81,-5.5621172289487655
-5.22,-5.6529719519874995
-4.97,-5.765129807417763
-5.44,-5.365490463418565
-5.34,-6.542069496143304
-5.28,-5.61198979705139
-6.11,-6.367266201727261
-6.85,-5.975380120097357
-5.66,-5.598506103424174
-6.03,-5.4684468663533465
-6.4,-6.3235576525730135
-5.1,-5.930134301495426
-8.8,-6.699375991340125
-5.69,-5.779406803490746
-7.24,-5.531532338239671
-5.0,-5.178465731035228
-5.66,-5.05684741376635
-7.44,-6.1587632762430315
-4.54,-4.772272031640696
-7.4,-6.171360158473785
-5.54,-6.089991571112901
-5.17,-5.5697986068815775
-6.36,-5.93962467465482
-4.6,-5.837257860506726
-5.92,-6.150310800845103
-6.5,-5.293513497387411
-6.82,-5.81117407024433
-5.19,-5.425996608827796
-4.31,-4.804959285163793
-7.0,-6.633128776931045
-6.01,-6.038072803018048
-4.66,-4.773539794812872
-7.45,-5.878846080652888
-5.48,-5.430223559787094
-5.18,-5.891943742063666
-5.87,-5.938796718752262
-4.15,-4.717187080233396
-6.23,-5.466804278670941
-6.1,-5.848802474703669
-4.46,-4.779201083002607
-5.16,-5.621069024874058
-6.09,-5.756985160363181
-6.65,-6.0367747104229466
-6.4,-5.754722613986275
-5.6,-5.8113177904336
-7.48,-5.618793992576354
-5.26,-5.6778554222258455
-6.85,-6.121450459703312
-5.48,-5.637146618042859
-5.84,-5.843252042504893
-5.66,-5.756985160363181
-5.49,-5.945590925639857
-6.43,-5.8113177904336
-5.82,-5.267928185526094
-5.04,-4.764834360075685
-5.72,-5.678069125875252
-6.68,-6.254593285696803
-5.94,-5.889144757434129
-4.66,-5.129808846997691
-5.86,-5.742121652064632
-6.31,-5.760329105867644
-5.71,-5.8113177904336
-4.82,-5.722755975705266
-6.04,-5.598506103424174
-5.56,-5.730720247533458
-5.7,-5.536143728823174
-7.0,-6.556302151865503
-5.66,-5.775178438151566
-5.98,-5.718478957738448
-6.85,-5.71544407809785
-5.85,-5.779874740812537
-5.89,-5.598506103424174
-6.36,-6.0250555930085055
-6.68,-6.781150291982711
-5.01,-5.541342025925289
-7.15,-5.8420265875926285
-5.88,-5.730720247533458
-5.1,-5.426994739297368
-7.05,-6.47873857455179
-5.33,-5.643454027594678
-6.53,-5.8487471703506
-5.92,-6.106288641201739
-5.13,-5.504068319856871
-4.59,-4.764834360075685
-5.41,-5.555369519155324
-6.12,-5.61198979705139
-5.56,-5.861227489204073
-7.0,-6.168050032264034
-4.55,-4.762708736363906
-5.99,-6.3235576525730135
-5.6,-5.728239642027497
-5.59,-5.508020539294049
-6.06,-5.71671318654888
-5.43,-5.755756507147857
-6.9,-6.10617038163587
-6.57,-5.938796718752262
-5.17,-5.515396861076671
-7.29,-6.171360158473785
-5.14,-6.121450459703312
-5.31,-5.57980603917064
-5.67,-5.527480099275872
-5.6,-5.640284976516071
-5.57,-5.779406803490746
-6.03,-5.77349454322449
-6.21,-5.596603939511859
-4.82,-4.922857777276886
-4.74,-5.1926713817063215
-5.71,-5.8113177904336
-5.36,-5.596603939511859
-5.53,-6.191858599516881
-5.89,-5.730720247533458
-5.36,-5.779406803490746
-6.43,-6.55306437021266
-5.71,-5.596603939511859
-5.21,-4.776345295388775
-5.9,-6.0250555930085055
-5.39,-5.725527425592485
-6.0,-5.998568531556308
-8.47,-6.239857044690595
-5.45,-5.596603939511859
-5.62,-5.598506103424174
-5.89,-5.0941473005058535
-5.22,-5.6878401870997815
-6.03,-5.536143728823174
-5.69,-5.765129807417763
-5.11,-5.3240723076766345
-6.34,-5.725527425592485
-5.2,-5.365490463418565
-6.08,-5.8113177904336
-5.87,-5.5068209930452765
-5.93,-6.121450459703312
-4.7,-4.742063175707172
-5.29,-5.8113177904336
-5.23,-5.61198979705139
-5.77,-5.8113177904336
-5.93,-6.121450459703312
-4.99,-5.178721938847638
-5.96,-4.9643637154680125
-6.37,-6.283705746438515
-6.65,-6.1693071527817125
-5.38,-5.4488203390219505
-6.22,-6.149559177622908
-5.29,-4.840244038812497
-4.74,-5.441571239133161
-5.66,-5.678069125875252
-6.92,-5.598506103424174
-6.48,-6.0764458910639645
-5.98,-5.923933210453713
-5.7,-5.8113177904336
-6.47,-6.198979918214198
-6.15,-6.010192084709956
-5.24,-5.7455837558320075
-5.8,-5.891943742063666
-5.65,-5.754722613986275
-8.34,-6.83499384232461
-5.99,-5.83393896640512
-7.95,-9.601667338294485
-6.31,-5.938796718752262
-5.12,-5.924125937660508
-6.4,-5.710663917293936
-5.4,-5.69907766506844
-4.51,-4.762597454411539
-5.82,-5.741029960255231
-5.76,-5.831002859649335
-5.03,-5.696819932077197
-5.32,-5.715832923399326
-6.85,-6.171360158473785
-5.11,-5.425996608827796
-5.56,-5.3601270871623825
-5.06,-4.913368683256675
-6.6,-5.479261899346453
-4.93,-5.597126288752841
-5.93,-5.861227489204073
-5.17,-5.655672559305804
-6.06,-5.742121652064632
-6.1,-6.0821642637638895
-7.02,-5.861227489204073
-7.62,-5.932210674992319
-5.17,-5.972079888689658
-7.3,-6.539954831579488
-5.57,-5.601262837424866
-6.4,-5.756985160363181
-5.19,-5.425996608827796
-5.95,-5.8113177904336
-5.2,-5.482868655075648
-5.32,-5.958362908827125
-5.81,-5.756806808441451
-6.03,-5.756985160363181
-5.39,-5.9052039326424275
-5.36,-5.598506103424174
-5.96,-6.121450459703312
-5.51,-5.825319545557696
-5.68,-5.559210541630273
-5.85,-5.540763995509406
-4.9,-5.212123462020236
-4.48,-4.779201083002607
-5.35,-5.4488203390219505
-6.97,-5.815978613198363
-6.2,-6.0367747104229466
-4.3,-4.842073473107079
-5.85,-6.727896887454839
-5.77,-5.533546508423517
-4.84,-4.913368683256675
-5.7,-5.741029960255231
-6.11,-5.756985160363181
-5.81,-6.029525114250808
-6.09,-5.923933210453713
-5.74,-5.726205683488563
-6.79,-6.150310800845103
-6.14,-6.494775972435577
-5.89,-5.932446308020932
-5.09,-5.088748675780721
-6.0,-5.771523423148606
-5.9,-5.601262837424866
-6.25,-5.730720247533458
-5.8,-5.8300023503416005
-5.89,-5.707013763008997
-4.31,-4.77049564826542
-5.5,-5.581200011412751
-5.3,-5.645239559291973
-5.41,-5.69907766506844
-7.1,-5.861227489204073
-5.61,-6.121450459703312
-5.82,-5.598506103424174
-5.72,-6.009849858905055
-6.92,-6.228363090167408
-5.14,-5.4488203390219505
-6.85,-6.56842569427613
-8.95,-7.541270115653059
-5.8,-5.689332805852567
-6.07,-6.121450459703312
-5.54,-5.779406803490746
-6.84,-6.475609836851648
-4.85,-5.155642000841073
-5.71,-5.891943742063666
-5.68,-5.643454027594678
-6.7,-5.8300023503416005
-8.22,-8.044651138581312
-5.04,-5.8113177904336
-5.61,-5.476686626985081
-5.31,-5.598506103424174
-5.64,-5.742121652064632
-6.48,-5.83393896640512
-5.82,-5.742121652064632
-6.36,-5.57980603917064
-5.17,-6.190761212330923
-5.05,-5.420506280474648
-5.06,-5.597126288752841
-5.2,-5.7104790695996135
-6.2,-5.382950817356537
-6.58,-5.384711229968019
-5.77,-5.658409244322831
-6.12,-5.721945378082369
-6.75,-5.946347031205006
-4.82,-5.062861416453157
-5.44,-5.088748675780721
-4.72,-4.933919427684563
-6.43,-6.121450459703312
-5.07,-5.426994739297368
-5.89,-5.8113177904336
-7.22,-6.171360158473785
-5.89,-5.612133595367214
-5.31,-5.61198979705139
-5.35,-5.663853919551807
-5.84,-5.831002859649335
-6.41,-5.756806808441451
-6.41,-5.77349454322449
-6.15,-5.7104790695996135
-5.79,-5.779874740812537
-6.3,-6.020733946962138
-6.26,-5.508020539294049
-4.95,-5.482868655075648
-5.26,-5.805428005079259
-5.63,-6.184170661080262
-5.64,-5.863720226117406
-5.46,-5.43881357713187
-5.24,-5.8113177904336
-5.11,-5.3601270871623825
-7.0,-6.896494989017406
-5.17,-5.730720247533458
-5.27,-5.861227489204073
-5.04,-5.43881357713187
-5.72,-5.8113177904336
-6.46,-5.945590925639857
-5.9,-6.150310800845103
-6.4,-6.121450459703312
-5.55,-5.831002859649335
-5.82,-5.906889068135394
-5.1,-5.429638853605376
-6.05,-5.8113177904336
-4.89,-5.1504738351559185
-5.49,-5.756985160363181
-6.31,-5.536143728823174
-4.48,-4.804959285163793
-6.05,-6.504392392250365
-5.19,-5.598506103424174
-6.63,-6.121450459703312
-6.25,-6.110157708214674
-5.18,-5.597126288752841
-5.89,-6.0367747104229466
-5.71,-5.779406803490746
-5.52,-5.40645482600422
-5.21,-5.476686626985081
-5.76,-6.073672969136849
-4.89,-5.289443359609746
-7.83,-6.138975042515958
-5.93,-5.770881525751337
-6.85,-6.443049742832554
-5.98,-6.131814866921643
-7.22,-5.549786460800941
-5.91,-6.005870438663589
-5.17,-5.365490463418565
-5.96,-5.876352798550733
-5.57,-5.357056634728774
-4.4,-5.722755975705266
-6.45,-5.861227489204073
-5.17,-5.4636838473205
-5.0,-5.136823431013604
-6.76,-6.3235576525730135
-6.64,-5.002392075028958
-6.51,-6.150310800845103
-6.85,-6.55306437021266
-6.08,-5.643454027594678
-5.72,-6.123023699632973
-5.53,-5.945590925639857
-5.32,-5.581200011412751
-5.16,-5.365490463418565
-5.62,-5.631573077609567
-6.05,-5.938796718752262
-5.92,-6.0250555930085055
-7.59,-6.121450459703312
-5.58,-5.686860293163923
-5.44,-5.871497293278673
-5.97,-5.4246031167395845
-5.59,-5.652961107688674
-6.26,-5.838922388573057
-5.32,-5.555369519155324
-6.45,-6.254593285696803
-5.57,-5.65514848481462
-5.16,-5.9455458070856375
-6.23,-5.876352798550733
-5.45,-5.8113177904336
-6.1,-5.8113177904336
-5.42,-5.686860293163923
-5.08,-5.690659190480203
-5.78,-5.4636838473205
-4.7,-5.064929773855791
-5.19,-5.891943742063666
-5.58,-5.598506103424174
-6.33,-5.788449390906469
-6.92,-5.533546508423517
-5.64,-5.555369519155324
-5.42,-5.62385100113017
-5.91,-5.598506103424174
-6.72,-6.171360158473785
-6.36,-5.788449390906469
-5.96,-5.4636838473205
-5.74,-5.779406803490746
-6.15,-5.9455458070856375
-4.4,-4.922857777276886
-4.66,-5.421526982369979
-5.89,-5.635310510121637
-5.81,-6.005870438663589
-6.25,-6.10617038163587
-5.72,-5.596603939511859
-5.73,-5.851085380405701
-6.8,-6.091296836894617
-5.8,-6.494775972435577
-5.24,-5.755756507147857
-5.23,-5.69907766506844
-5.98,-6.0250555930085055
-5.73,-5.57980603917064
-7.18,-6.961374027828393
-5.89,-6.020733946962138
-6.74,-6.993104076102681
-5.13,-5.6307527068171925
-5.11,-5.772407853193665
-5.57,-5.7455837558320075
-7.27,-6.105521587093042
-5.64,-5.745590040855547
-6.6,-6.221383804959596
-4.86,-5.676789602800349
-6.3,-6.3235576525730135
-5.75,-5.756985160363181
-7.77,-6.343817257882724
-7.8,-6.788043422259547
-7.18,-6.121450459703312
-6.03,-5.756254754517446
-5.62,-5.831002859649335
-5.49,-6.038072803018048
-5.65,-5.7104790695996135
-8.53,-7.212443726451065
-5.78,-5.756985160363181
-6.69,-6.171360158473785
-5.95,-6.121450459703312
-4.84,-4.944630155398205
-5.57,-5.556383963949275
-5.55,-5.551103153002257
-5.03,-5.536143728823174
-6.08,-5.894797866062885
-5.66,-5.598506103424174
-6.1,-6.121450459703312
-6.04,-6.10617038163587
-5.1,-6.029525114250808
-5.07,-5.212123462020236
-6.64,-5.789328651024611
-5.7,-5.381072866099147
-4.34,-5.216214253763167
-5.66,-5.831002859649335
-5.2,-5.554935098583028
-6.25,-5.730720247533458
-5.13,-5.3601270871623825
-5.75,-5.357056634728774
-5.77,-5.7973383355407915
-5.47,-5.429638853605376
-5.13,-5.466804278670941
-5.24,-5.3240723076766345
-8.4,-6.55306437021266
-5.82,-6.184170661080262
-6.29,-6.121450459703312
-6.09,-5.598506103424174
-6.65,-6.2495763025519295
-4.31,-4.773539794812872
-5.17,-5.742121652064632
-6.73,-5.788449390906469
-6.45,-5.804416843663918
-5.25,-5.861227489204073
-6.91,-5.598506103424174
-5.59,-5.541342025925289
-5.65,-5.756985160363181
-6.34,-5.957673610547658
-5.2,-5.807052471243273
-6.1,-5.597126288752841
-5.0,-5.382950817356537
-6.03,-6.131814866921643
-5.35,-5.730720247533458
-5.76,-5.678069125875252
-5.46,-5.831002859649335
-5.84,-5.756806808441451
-4.66,-4.779201083002607
-5.62,-5.618927671272434
-5.96,-6.048089014175713
-4.35,-5.020793586612154
-5.18,-5.425996608827796
-5.56,-5.828180594800281
-6.9,-5.286191083934114
-5.27,-5.178465731035228
-5.89,-5.463872625590129
-5.22,-5.2642203668744685
-6.31,-6.55306437021266
-5.75,-5.779874740812537
-5.12,-5.554935098583028
-6.54,-5.788449390906469
-5.85,-5.508020539294049
-5.85,-5.488399368694957
-6.04,-5.730720247533458
-4.36,-4.773539794812872
-5.88,-5.601262837424866
-5.69,-5.9455458070856375
-5.85,-5.596603939511859
-6.89,-6.248873564716354
-6.11,-5.788449390906469
-5.31,-6.003480244367797
-5.92,-6.3100810274720525
-6.58,-6.0932631979787235
-5.14,-5.425996608827796
-5.12,-4.764834360075685
-5.81,-5.643454027594678
-6.59,-6.1828996336471
-5.85,-4.855532253503978
-5.32,-5.563999431730477
-6.33,-5.828180594800281
-4.48,-4.764834360075685
-4.5,-4.903213655958535
-6.4,-6.10617038163587
-5.43,-5.7454054039102775
-4.94,-5.463897841329291
-5.8,-5.838922388573057
-6.73,-6.121450459703312
-6.72,-5.754722613986275
-6.82,-5.761160107924729
-4.96,-5.425996608827796
-5.89,-6.121450459703312
-5.83,-6.3595321730064205
-6.13,-6.0250555930085055
-6.07,-5.710663917293936
-5.64,-5.725342577898163
-5.73,-5.725342577898163
-4.85,-5.780007900293152
-4.24,-4.772272031640696
-5.44,-6.007904153633232
-5.2,-5.827069260615297
-5.65,-6.222744200195057
-4.26,-4.880471808424211
-5.57,-5.868951430179452
-8.26,-5.71671318654888
-6.77,-5.7433594913961485
-5.2,-5.598506103424174
-5.55,-5.777047986375296
-5.49,-5.596603939511859
-5.19,-5.945590925639857
-5.3,-5.598506103424174
-6.25,-5.536143728823174
-6.04,-5.598506103424174
-5.6,-6.301997911982475
-6.5,-5.3031880746165685
-5.75,-5.831002859649335
-6.4,-5.83393896640512
-5.56,-5.536143728823174
-5.27,-4.972770733010118
-6.19,-6.296362060699692
-5.33,-5.876352798550733
-6.5,-6.091296836894617
-5.32,-5.6813437252087855
-5.29,-5.289443359609746
-4.92,-5.381072866099147
-6.3,-5.598506103424174
-4.89,-4.779201083002607
-5.1,-5.43881357713187
-5.54,-5.6307527068171925
-6.04,-6.121450459703312
-4.81,-5.154248508752862
-7.0,-6.242639389226987
-5.02,-5.119560694038425
-5.34,-5.7104790695996135
-5.52,-5.078617272999027
-5.29,-5.601262837424866
-5.67,-5.57980603917064
-5.49,-5.598506103424174
-6.45,-6.121450459703312
-5.54,-5.569829802996524
-5.03,-5.508020539294049
-4.48,-4.9361658194492115
-7.04,-6.17786045696111
-7.89,-7.7308125356712925
-6.7,-6.010192084709956
-5.44,-6.093254543599328
-5.16,-5.426994739297368
-5.2,-5.581200011412751
-5.05,-6.175403478052685
-5.39,-6.532662914529856
-4.59,-4.764834360075685
-4.62,-5.216836781936233
-5.8,-5.7455837558320075
-7.0,-6.01064713579957
-5.86,-5.4636838473205
-5.4,-5.596603939511859
-5.69,-6.136178394982993
-5.92,-5.686710362831635
-4.82,-5.099393410754164
-5.34,-5.660872975447587
-5.1,-5.597126288752841
-5.35,-4.9579038849540416
-5.51,-5.742121652064632
-5.77,-5.8113177904336
-5.55,-5.61198979705139
-5.32,-5.855515188524906
-6.15,-5.911817820688746
-7.13,-5.923933210453713
-6.44,-5.8113177904336
-7.1,-6.540657851915809
-5.2,-5.730720247533458
-5.94,-6.121450459703312
-7.17,-6.556302151865503
-4.9,-5.891943742063666
-6.8,-5.834536703875868
-5.85,-5.8113177904336
-5.57,-5.934439391982457
-4.59,-4.764834360075685
-5.31,-5.581200011412751
-8.28,-6.121611879324999
-5.7,-5.725342577898163
-5.9,-5.487238265625731
-5.29,-5.3240723076766345
-6.73,-6.0876670120356025
-5.95,-6.190761212330923
-5.45,-5.541342025925289
-6.18,-5.4636838473205
-5.88,-5.69907766506844
-6.34,-6.121450459703312
-5.68,-5.728239642027497
-7.19,-6.068187512130653
-4.4,-4.913368683256675
-5.55,-5.707013763008997
-5.88,-5.679076885266627
-5.75,-5.779406803490746
-4.48,-5.085146235710879
-4.8,-4.999602174410752
-6.81,-6.029525114250808
-5.18,-5.756985160363181
-6.22,-5.260588686640758
-5.01,-5.730720247533458
-7.8,-7.545490264431195
-6.62,-6.443049742832554
-7.0,-5.935345058677354
-6.78,-6.010192084709956
-5.35,-5.742121652064632
-6.0,-6.0821642637638895
-4.57,-4.7128547761266715
-5.42,-5.741029960255231
-5.17,-5.384025108948913
-5.65,-5.541342025925289
-6.07,-5.154248508752862
-4.77,-4.979887444047354
-5.58,-5.756985160363181
-5.53,-5.598506103424174
-5.37,-5.6778554222258455
-5.14,-5.178465731035228
-5.19,-5.829345024753294
-5.35,-5.3240723076766345
-5.93,-5.9455458070856375
-5.47,-5.789155352850176
-6.22,-5.40645482600422
-5.31,-5.536143728823174
-5.92,-6.494775972435577
-5.32,-5.7104790695996135
-5.78,-6.076531771080265
-5.27,-5.597126288752841
-6.64,-5.959335790366289
-5.56,-5.745590040855547
-5.96,-4.834362100293079
-5.17,-5.6778554222258455
-4.81,-4.9652170763969234
-5.4,-5.596603939511859
-6.05,-5.457749519931318
-5.48,-5.8113177904336
-5.43,-5.536143728823174
-6.57,-6.547169578734775
-5.28,-5.596603939511859
-6.43,-5.861227489204073
-5.82,-5.389630339768256
-5.07,-5.8113177904336
-6.49,-6.242861824422654
-4.59,-4.7632418529116975
-5.85,-5.2074690677882325
-5.04,-4.9652170763969234
-8.0,-6.895022145979626
-5.14,-5.3601270871623825
-5.86,-5.87681983803314
-5.95,-5.923933210453713
-5.6,-6.10617038163587
-5.9,-5.930134301495426
-7.82,-6.55306437021266
-8.51,-7.014560904026611
-5.5,-5.554935098583028
-4.72,-5.42940725589728
-5.84,-6.121450459703312
-4.96,-5.3528659672355365
-5.73,-5.43881357713187
-5.46,-5.8113177904336
-5.77,-5.688994487626959
-6.23,-6.2881930517705324
-4.93,-5.695205651858203
-4.51,-4.764834360075685
-5.13,-5.43881357713187
-5.91,-5.981157631804274
-8.51,-6.835999371121203
-6.22,-6.0471694570587005
-5.07,-5.7104790695996135
-5.82,-5.287032138466296
-4.75,-5.155642000841073
-9.0,-5.598506103424174
-5.85,-5.9455458070856375
-9.12,-6.046469250606975
-6.49,-5.659539427562083
-6.1,-6.121450459703312
-5.43,-5.678069125875252
-6.22,-5.515396861076671
-5.05,-5.177328446759427
-4.83,-5.831708268497164
-6.11,-6.3235576525730135
-5.7,-5.694117451553009
-5.96,-5.401917822015559
-5.21,-5.3240723076766345
-5.38,-5.338431349970117
-5.59,-5.61198979705139
-4.64,-4.94359400491372
-5.39,-5.779406803490746
-6.54,-5.8113177904336
-5.7,-5.6249574882232904
-6.56,-6.091296836894617
-4.97,-5.831708268497164
-5.26,-5.8113177904336
-6.28,-5.8113177904336
-5.22,-5.861227489204073
-6.0,-6.0250555930085055
-6.46,-5.436911192462739
-5.54,-5.879399157039783
-5.32,-5.536143728823174
-4.98,-5.634030139840567
-5.39,-5.643454027594678
-5.64,-5.807052471243273
-6.94,-6.121450459703312
-7.0,-6.0300188599882425
-4.6,-5.178465731035228
-5.8,-5.938796718752262
-5.13,-6.121450459703312
-6.84,-5.831002859649335
-4.52,-4.87102216908977
-6.99,-5.883134273288388
-6.47,-5.4636838473205
-4.82,-5.0186693667387985
-5.63,-5.7104790695996135
-4.55,-4.9895620212765115
-5.23,-4.972770733010118
-6.25,-5.3396011101425485
-5.4,-5.907858568592934
-4.51,-4.944046923186025
-6.0,-5.956331364973188
-5.64,-5.756985160363181
-5.53,-5.737654617628129
-5.61,-5.756985160363181
-5.16,-5.289443359609746
-5.88,-5.831002859649335
-4.0,-5.155642000841073
-5.7,-5.745590040855547
-8.2,-7.827111904748552
-5.55,-5.756985160363181
-5.34,-5.596603939511859
-5.9,-5.788449390906469
-6.48,-6.10617038163587
-7.15,-5.834536703875868
-6.02,-5.901922422671785
-5.08,-4.944630155398205
-5.66,-5.472578060327316
-5.3,-5.756985160363181
-5.8,-5.7455837558320075
-6.27,-6.10617038163587
-5.15,-5.3601270871623825
-6.36,-6.55306437021266
-6.23,-5.756985160363181
-4.9,-5.3601270871623825
-5.32,-5.555369519155324
-4.36,-4.780977466377883
-4.43,-4.772272031640696
-5.74,-5.457749519931318
-4.6,-4.77049564826542
-6.09,-5.732892890350906
-5.25,-5.598506103424174
-6.08,-6.16985821066825
-7.8,-6.562618854244473
-5.43,-5.7104790695996135
-4.35,-4.844528682447646
-5.15,-5.5621172289487655
-5.91,-5.742121652064632
-5.51,-5.7104790695996135
-5.99,-6.245337462410176
-5.79,-5.912802571427124
-5.48,-5.556383963949275
-5.89,-5.784607095206413
-5.76,-5.685656244687104
-5.58,-5.678069125875252
-6.65,-5.998568531556308
-5.46,-5.365490463418565
-5.52,-5.447595418835053
-4.8,-5.75695491121503
-5.5,-5.71671318654888
-6.23,-6.020733946962138
-4.48,-4.675907598473842
-6.38,-5.964143360373682
-6.22,-6.10617038163587
-4.91,-5.420506280474648
-5.36,-5.417609310156552
-5.76,-5.779874740812537
-6.32,-5.946347031205006
-6.09,-5.598506103424174
-6.95,-6.418809852485424
-5.25,-5.656543769179342
-5.28,-5.581200011412751
-5.57,-5.7455837558320075
-5.1,-5.676789602800349
-6.83,-6.556302151865503
-5.55,-4.993940886221017
-5.42,-5.742121652064632
-5.41,-5.923933210453713
-7.5,-6.660057582289466
-5.78,-5.425996608827796
-5.63,-5.906889068135394
-5.75,-6.3235576525730135
-5.32,-5.536143728823174
-5.52,-5.381072866099147
-5.17,-5.621069024874058
-6.39,-6.10617038163587
-5.04,-5.177328446759427
-5.26,-5.3240723076766345
-5.62,-5.508020539294049
-5.93,-6.121450459703312
-5.6,-5.831002859649335
-5.74,-5.482033638980692
-5.49,-5.457749519931318
-5.72,-5.822084508642267
-6.33,-6.248950246530546
-5.36,-5.730720247533458
-4.59,-5.208237866186546
-5.22,-5.710663917293936
-4.85,-4.876889760914095
-5.93,-5.765129807417763
-5.79,-5.745590040855547
-5.82,-5.831002859649335
-8.0,-7.0886333195583475
-5.45,-5.686860293163923
-6.37,-6.121450459703312
-5.62,-5.508020539294049
-6.28,-5.889144757434129
-4.64,-4.9094932882435485
-5.96,-5.683157115249316
-5.36,-4.9866596174382956
-5.63,-6.835303140196414
-6.15,-6.254593285696803
-5.77,-5.889325184873131
-5.52,-5.4923603842462665
-5.83,-5.934439391982457
-4.91,-5.554935098583028
-5.76,-6.10617038163587
-4.94,-5.203042727579805
-4.7,-5.155885030148483
-6.35,-6.55306437021266
-6.64,-5.598506103424174
-4.85,-4.626425727358646
-4.34,-4.858806643244835
-5.58,-5.8113177904336
-5.15,-5.536143728823174
-5.74,-5.69907766506844
-6.92,-6.55306437021266
-7.29,-6.55306437021266
-6.36,-5.777047986375296
-5.86,-5.756985160363181
-9.0,-6.55306437021266
-5.46,-5.45510624976077
-6.3,-5.463160890445376
-4.68,-4.715091681790818
-4.81,-4.913368683256675
-5.33,-6.542069496143304
-5.46,-5.631993838113792
-5.7,-5.6813437252087855
-4.59,-4.831538604075311
-5.56,-5.669227583915554
-5.36,-6.091296836894617
-7.3,-6.539954831579488
-5.28,-5.259222750788908
-6.12,-5.476686626985081
-6.01,-5.725527425592485
-5.76,-6.0821642637638895
-5.96,-5.8113177904336
-6.07,-5.971433605752421
-6.09,-5.730720247533458
-5.93,-6.149559177622908
-5.99,-6.149559177622908
-5.74,-5.554935098583028
-6.66,-6.55306437021266
-6.97,-6.55306437021266
-6.31,-6.091296836894617
-5.59,-5.596603939511859
-6.92,-5.932223859422511
-6.4,-6.010192084709956
-4.59,-4.9361658194492115
-6.23,-5.756985160363181
-4.94,-5.425996608827796
-5.51,-5.678069125875252
-5.81,-5.556383963949275
-6.04,-5.730720247533458
-6.46,-5.946392149759226
-5.32,-5.742121652064632
-6.95,-5.997511411797127
-6.26,-6.333054778049905
-5.69,-5.843252042504893
-4.92,-4.764834360075685
-7.0,-5.8420265875926285
-5.65,-5.756985160363181
-6.33,-5.894797866062885
-4.72,-4.902055616678537
-8.0,-7.624624726657208
-7.0,-6.55306437021266
-4.67,-5.090132977774479
-7.02,-5.8772853264723395
-5.96,-5.28746639473638
-5.15,-5.756254754517446
-5.19,-5.536143728823174
-6.67,-6.547169578734775
-5.78,-5.8113177904336
-6.69,-5.756806808441451
-9.29,-7.049278120636189
-7.19,-6.55306437021266
-5.47,-5.861227489204073
-4.52,-4.797061091309912
-5.47,-5.829597089913613
-4.81,-5.4636838473205
-5.5,-5.715832923399326
-6.86,-5.742121652064632
-5.58,-5.432603306229485
-6.29,-6.149559177622908
-6.95,-5.83393896640512
-5.49,-5.596603939511859
-4.97,-5.4246031167395845
-6.61,-6.10617038163587
-5.04,-5.725982459766441
-5.28,-5.877492357565218
-5.05,-5.536143728823174
-6.26,-6.245337462410176
-5.5,-5.876352798550733
-5.99,-5.7454054039102775
-6.24,-5.779406803490746
-6.26,-6.0367747104229466
-6.36,-6.0764458910639645
-5.99,-5.861227489204073
-4.57,-5.129808846997691
-5.22,-5.2642203668744685
-7.76,-5.877026247903622
-4.52,-4.838976275640322
-5.3,-5.814168614634036
-6.77,-6.288115496302151
-6.71,-6.560710574090329
-5.42,-5.508020539294049
-5.96,-5.871139219885441
-5.11,-5.597126288752841
-4.86,-5.178721938847638
-6.0,-5.889325506121177
-6.0,-4.855532253503978
-5.66,-5.639068971342338
-7.62,-6.264833020577377
-6.62,-5.761280529961707
-6.37,-5.916492406843783
-6.36,-5.861227489204073
-7.99,-6.033775771762941
-5.1,-5.381072866099147
-5.89,-5.954307931735811
-6.75,-5.861227489204073
-4.97,-5.426994739297368
-5.31,-5.3240723076766345
-6.0,-5.647185848438071
-5.68,-5.726205683488563
-6.06,-5.946392149759226
-5.82,-5.838922388573057
-5.41,-5.863720226117406
-5.47,-5.900686911924334
-5.83,-5.891943742063666
-5.28,-5.756985160363181
-6.68,-5.1712465302268935
-5.79,-5.4246031167395845
-5.22,-5.600283720269884
-5.38,-5.289443359609746
-5.7,-5.756985160363181
-7.03,-5.954307931735811
-4.66,-4.764834360075685
-6.12,-6.367266201727261
-7.45,-6.556302151865503
-6.98,-6.121450459703312
-5.69,-5.730720247533458
-5.81,-5.909706492915654
-6.96,-5.877970135060792
-5.21,-5.155642000841073
-5.77,-5.779874740812537
-5.06,-4.9652170763969234
-5.68,-6.0250555930085055
-5.6,-5.460676761856009
-5.71,-5.61198979705139
-5.17,-5.876352798550733
-6.12,-5.894797866062885
-5.48,-5.710663917293936
-6.97,-5.810413729195163
-5.45,-5.2929085500027915
-4.96,-5.0186693667387985
-5.78,-5.862385973872264
-4.95,-5.340655668233583
-8.45,-6.924289068015227
-5.61,-5.4488203390219505
-6.86,-5.8722893655418025
-5.89,-5.906889068135394
-5.31,-5.536143728823174
-5.87,-5.596603939511859
-4.87,-5.4488203390219505
-5.4,-5.596603939511859
-5.33,-5.779406803490746
-5.21,-5.489792860783168
-6.03,-5.590559759087892
-6.89,-6.66626404613099
-6.15,-6.150310800845103
-7.97,-6.240828854958209
-4.92,-5.555369519155324
-6.13,-6.3235576525730135
-5.7,-5.28746639473638
-6.06,-5.598506103424174
-5.89,-5.8113177904336
-5.86,-5.938796718752262
-5.13,-5.476686626985081
-5.67,-5.9455458070856375
-5.54,-5.119560694038425
-7.0,-5.556884041057355
-5.78,-5.954192491024038
-5.28,-5.556383963949275
-5.5,-7.3211373999871014
-4.46,-4.922857777276886
-5.5,-5.541342025925289
-7.06,-5.8113177904336
-6.28,-5.596603939511859
-5.96,-5.658409244322831
-4.48,-4.77049564826542
-5.01,-5.177328446759427
-5.87,-5.598506103424174
-5.82,-5.861227489204073
-5.4,-5.482868655075648
-6.11,-5.626292413699617
-5.61,-5.831002859649335
-5.21,-5.8113177904336
-5.31,-5.8113177904336
-5.35,-5.053186839224
-6.0,-5.861267394411227
-6.18,-5.8113177904336
-4.47,-4.762029024843659
-5.67,-5.877490909307344
-5.31,-5.3601270871623825
-6.35,-6.171360158473785
-8.0,-6.599512347945417
-6.14,-6.121450459703312
-5.03,-5.5621172289487655
-5.89,-5.8113177904336
-4.6,-4.994698103027473
-6.51,-6.091296836894617
-5.34,-6.150310800845103
-5.37,-5.730720247533458
-5.16,-5.212123462020236
-4.86,-5.596906010901862
-6.19,-5.365490463418565
-5.82,-5.8113177904336
-6.89,-5.909706492915654
-5.2,-5.536143728823174
-6.18,-6.091296836894617
-4.4,-4.903213655958535
-5.57,-5.5621172289487655
-5.2,-5.596603939511859
-5.18,-4.993940886221017
-5.75,-5.596603939511859
-5.72,-5.730720247533458
-6.6,-4.9866596174382956
-5.15,-5.688994487626959
-6.24,-6.0876670120356025
-5.42,-5.541342025925289
-6.26,-5.8113177904336
-5.79,-5.596603939511859
-5.25,-5.365490463418565
-5.58,-5.6813437252087855
-5.9,-5.938796718752262
-8.7,-6.55306437021266
-4.96,-5.725982459766441
-5.2,-5.426994739297368
-6.11,-5.9455458070856375
-6.16,-5.756985160363181
-6.36,-6.085356880225086
-4.3,-5.433728852366599
-5.62,-5.865490081846909
-6.93,-6.105521587093042
-4.81,-5.088748675780721
-4.57,-5.636905782448955
-8.0,-6.895022145979626
-6.52,-6.55306437021266
-5.62,-5.756985160363181
-5.32,-5.3240723076766345
-5.24,-5.536143728823174
-5.54,-6.058747205420855
-5.19,-5.659539427562083
-4.48,-5.0754346162871995
-5.23,-5.296174134712769
-5.14,-5.087422878145016
-5.05,-5.597126288752841
-5.8,-5.923933210453713
-5.82,-5.696037404448213
-4.84,-5.155642000841073
-5.13,-5.4681977707591525
-5.47,-5.429638853605376
-6.9,-5.861227489204073
-6.13,-5.8113177904336
-5.1,-5.715120481751764
-5.23,-5.504068319856871
-5.26,-5.40645482600422
-5.02,-4.772272031640696
-5.34,-5.536143728823174
-6.4,-5.838922388573057
-7.26,-6.150310800845103
-7.0,-7.152026801395873
-4.88,-5.3601270871623825
-5.92,-5.6778554222258455
-5.83,-5.756985160363181
-6.09,-5.754722613986275
-4.9,-5.084803267732798
-6.64,-6.171022669452418
-4.34,-4.978551788301886
-5.77,-4.9643637154680125
-5.11,-5.555369519155324
-5.68,-6.174401984322105
-5.68,-5.9455458070856375
-6.46,-4.772830663221736
-4.34,-4.806735668539069
-5.31,-5.536143728823174
-6.14,-5.365490463418565
-6.25,-5.7455837558320075
-5.17,-5.45510624976077
-7.29,-6.55306437021266
-5.47,-5.912965059831739
-4.74,-5.052074412639301
-5.84,-5.555369519155324
-5.2,-5.61198979705139
-5.95,-6.17786045696111
-6.79,-5.923933210453713
-5.83,-6.0250555930085055
-4.64,-5.155642000841073
-6.22,-5.601262837424866
-4.92,-5.756756538561843
-5.29,-6.007904153633232
-5.63,-6.029525114250808
-7.0,-5.57980603917064
-4.7,-5.020793586612154
-5.91,-5.742121652064632
-4.19,-5.312159970386888
-5.3,-5.4488203390219505
-6.48,-6.10617038163587
-5.86,-6.302342936286473
-5.13,-5.598506103424174
-6.74,-5.8113177904336
-4.8,-4.94359400491372
-6.11,-5.688994487626959
-5.14,-5.597126288752841
-6.17,-5.894797866062885
-7.11,-6.0250555930085055
-5.72,-5.877164320763336
-5.08,-5.382950817356537
-6.56,-5.704994069134439
-5.79,-5.598506103424174
-4.72,-5.313141868596243
-5.73,-6.073672969136849
-5.86,-5.425996608827796
-5.77,-5.596603939511859
-5.97,-5.741029960255231
-5.83,-6.0250555930085055
-5.14,-5.3240723076766345
-5.19,-5.596214011676955
-5.28,-4.944630155398205
-4.6,-4.760503372060759
-5.75,-5.779874740812537
-5.41,-5.581200011412751
-4.54,-4.764834360075685
-5.11,-5.598506103424174
-4.64,-4.915517916101367
-6.34,-6.121450459703312
-5.8,-5.938796718752262
-6.02,-6.16985821066825
-5.2,-5.382950817356537
-5.59,-5.598506103424174
-5.61,-5.863720226117406
-5.68,-5.946347031205006
-6.87,-5.910963591561547
-5.99,-5.945590925639857
-5.83,-5.902457705727387
-5.44,-5.678069125875252
-5.45,-5.581200011412751
-6.21,-6.183478048259487
-4.89,-5.064929773855791
-5.74,-5.9351759891496885
-6.78,-6.55306437021266
-5.5,-5.710663917293936
-5.2,-5.391372595654375
-5.23,-5.45510624976077
-6.05,-5.598506103424174
-5.53,-5.756254754517446
-5.56,-5.8113177904336
-5.31,-5.779406803490746
-5.26,-5.598506103424174
-5.97,-5.889144757434129
-5.14,-5.61198979705139
-6.49,-5.755044065500295
-5.47,-5.958362908827125
-4.26,-4.764834360075685
-5.91,-5.756985160363181
-4.85,-4.9652170763969234
-5.67,-5.598506103424174
-6.96,-5.861227489204073
-4.35,-4.764834360075685
-5.38,-5.742121652064632
-5.65,-5.779406803490746
-5.24,-6.005775405262642
-6.54,-6.038072803018048
-4.64,-4.754591353278648
-5.25,-5.382950817356537
-4.59,-5.438953302326861
-6.4,-5.643454027594678
-5.98,-5.598506103424174
-6.03,-5.8113177904336
-5.1,-5.861227489204073
-5.07,-5.7455837558320075
-5.82,-5.923933210453713
-6.95,-6.171360158473785
-5.94,-5.596603939511859
-5.68,-5.7455837558320075
-4.83,-5.4681977707591525
-6.63,-6.171360158473785
-6.28,-6.005870438663589
-6.26,-5.4636838473205
-5.33,-5.180788712900304
-6.49,-6.562413974663968
-8.0,-6.895022145979626
-5.23,-5.536143728823174
-5.73,-5.686860293163923
-6.13,-5.907858568592934
-5.76,-5.971070663066344
-5.66,-5.598506103424174
-4.96,-5.461624333486486
-5.17,-6.3235576525730135
-6.07,-6.10617038163587
-4.34,-5.287032138466296
-4.64,-4.915517916101367
-4.78,-5.756756538561843
-5.93,-5.541342025925289
-5.85,-5.865490081846909
-5.4,-5.7455837558320075
-4.43,-4.773539794812872
-5.4,-5.2642203668744685
-5.56,-5.45510624976077
-4.59,-4.978432021199853
-5.59,-5.597126288752841
-5.47,-5.581200011412751
-5.55,-5.149762353186411
-4.7,-5.0437596206448925
-5.4,-5.488399368694957
-6.22,-5.889144757434129
-5.46,-6.017251526584761
-5.02,-5.696819932077197
-5.41,-5.69907766506844
-5.41,-5.296174134712769
-6.8,-6.131814866921643
-4.97,-5.730720247533458
-5.46,-5.002392075028958
-5.74,-5.581200011412751
-8.05,-7.741216445517775
-6.7,-5.7818842612632135
-5.65,-5.891943742063666
-5.47,-5.779406803490746
-5.3,-5.831708268497164
-4.6,-4.976305396537238
-5.8,-6.032040746931329
-6.93,-6.044248286210585
-4.57,-4.922857777276886
-5.11,-5.492001228206376
-5.38,-5.451314434616224
-5.42,-5.5275745063843855
-7.02,-6.005963806775576
-4.49,-4.780977466377883
-6.67,-5.871322676536393
-6.64,-6.0367747104229466
-5.33,-5.779406803490746
-6.97,-6.149325088814969
-6.54,-5.224229273723682
-5.86,-5.8113177904336
-5.19,-5.203042727579805
-6.52,-6.306836122849682
-6.22,-5.949870578176836
-6.49,-6.55306437021266
-5.37,-5.536143728823174
-5.42,-5.581200011412751
-5.11,-5.561116727915919
-5.1,-5.704521361399491
-5.35,-5.4681977707591525
-6.15,-5.598506103424174
-5.18,-5.6813437252087855
-6.79,-5.9455458070856375
-5.74,-5.709616148540183
-5.14,-5.064929773855791
-5.06,-5.555369519155324
-6.07,-5.8113177904336
-7.16,-6.556302151865503
-6.5,-6.55306437021266
-6.12,-6.121450459703312
-7.66,-5.742121652064632
-4.55,-4.889177243161398
-4.37,-5.118122758686716
-5.6,-5.6813437252087855
-6.53,-6.010192084709956
-5.7,-5.4488203390219505
-5.31,-5.820904827034404
-6.85,-5.71544407809785
-5.85,-5.541342025925289
-4.96,-5.2513459144309715
-5.9,-5.998568531556308
-5.98,-5.597126288752841
-5.86,-5.779406803490746
-6.41,-6.1438228549185245
-4.26,-4.880471808424211
-6.47,-5.8113177904336
-5.78,-5.598506103424174
-5.48,-5.946347031205006
-4.64,-5.4840750810337795
-6.74,-6.033907251700319
-6.11,-6.0471694570587005
-5.78,-5.536143728823174
-4.37,-4.773539794812872
-5.76,-6.337804238004675
-7.76,-5.993217698594308
-6.09,-6.121450459703312
-5.1,-5.0186693667387985
-6.25,-5.4636838473205
-5.77,-5.6878401870997815
-6.7,-6.55306437021266
-5.85,-5.831002859649335
-5.48,-5.9277739922436545
-5.49,-5.69907766506844
-6.2,-5.861227489204073
-5.87,-5.745590040855547
-4.89,-4.972770733010118
-6.04,-5.6878401870997815
-6.45,-5.756985160363181
-5.11,-5.192997397921341
-6.04,-5.598506103424174
-5.3,-5.6307527068171925
-4.34,-4.880471808424211
-4.92,-5.482868655075648
-6.77,-5.9455458070856375
-6.23,-6.539954831579488
-5.58,-5.756985160363181
-6.57,-6.547169578734775
-6.09,-5.266541273728341
-5.96,-5.267928185526094
-5.49,-5.710663917293936
-5.96,-5.464272690013656
-6.7,-6.55306437021266
-5.77,-5.923933210453713
-5.67,-5.715832923399326
-5.64,-5.5002328693146305
-5.83,-5.69907766506844
-4.59,-4.978432021199853
-5.9,-5.912183339684132
-4.42,-4.772272031640696
-5.8,-5.286191083934114
-5.54,-5.9427649836948895
-4.7,-5.062861416453157
-6.6,-7.496835002616446
-6.51,-6.0250555930085055
-6.11,-5.732892890350906
-4.82,-4.928709972075177
-5.75,-6.035237126720465
-5.25,-5.554935098583028
-5.61,-5.8487471703506
-5.31,-5.596603939511859
-4.42,-4.780977466377883
-5.77,-6.0250555930085055
-6.54,-6.0876670120356025
-5.73,-5.742121652064632
-5.26,-5.551252742006908
-5.16,-5.596906010901862
-6.34,-5.958175282589381
-5.35,-5.3601270871623825
-6.18,-6.073672969136849
-5.72,-5.536143728823174
-5.01,-5.61198979705139
-5.52,-5.598506103424174
-4.92,-4.8404051316616385
-4.0,-4.913368683256675
-5.15,-5.120944996032183
-5.96,-5.7455837558320075
-5.42,-5.831002859649335
-5.12,-5.5697986068815775
-6.65,-5.99276217308183
-5.08,-5.596906010901862
-4.81,-5.504068319856871
-4.47,-5.506959385628629
-5.11,-5.61198979705139
-4.85,-4.772272031640696
-6.79,-6.121450459703312
-4.27,-4.744160673386905
-5.59,-5.4246031167395845
-8.04,-6.170635589108956
-7.13,-5.902451205216243
-4.39,-4.683345270038853
-5.72,-5.598506103424174
-5.64,-5.682165855877846
-4.42,-5.075064156419106
-5.25,-5.891943742063666
-5.95,-5.883134273288388
-5.57,-5.901922422671785
-5.54,-5.6813437252087855
-4.3,-4.802138191180261
-6.76,-6.0764458910639645
-5.91,-5.326404453740397
-5.29,-5.536143728823174
-5.39,-5.6813437252087855
-5.52,-5.616089245942968
-5.42,-5.5621172289487655
-7.46,-5.742121652064632
-7.68,-6.55306437021266
-5.53,-5.721945378082369
-5.06,-5.597126288752841
-6.09,-6.121450459703312
-5.34,-5.844838045226456
-5.82,-4.868825737191452
-8.4,-6.599512347945417
-5.69,-5.945590925639857
-6.5,-6.014498375654398
-5.77,-5.725342577898163
-5.7,-5.154248508752862
-5.68,-5.8487471703506
-5.51,-5.533546508423517
-6.89,-6.55306437021266
-5.31,-4.932542783129977
-5.89,-5.85526166024875
-6.12,-5.945590925639857
-4.64,-4.764834360075685
-5.65,-5.61198979705139
-4.72,-4.9895620212765115
-6.07,-6.150310800845103
-6.05,-5.923933210453713
-4.92,-5.62884127727436
-6.46,-5.863084857749053
-5.59,-5.5621172289487655
-6.76,-6.0876670120356025
-6.28,-5.9455458070856375
-5.79,-5.7104790695996135
-5.89,-5.728239642027497
-5.42,-6.285239161014142
-6.66,-5.560190370647423
-6.16,-5.923933210453713
-7.0,-6.411602613600235
-6.33,-5.8504589444882695
-5.47,-5.783130526810964
-5.66,-5.4636838473205
-4.82,-5.139594863533049
-5.2,-5.508020539294049
-5.59,-5.725527425592485
-5.49,-5.779406803490746
-7.46,-6.560710574090329
-5.76,-5.843252042504893
-5.85,-5.8595412434661736
-5.9,-5.934439391982457
-5.87,-5.9247725707472325
-5.65,-6.009849858905055
-4.9,-5.492594059796045
-4.57,-4.893092923939048
-5.44,-6.06201694314616
-5.47,-6.121450459703312
-5.13,-5.656543769179342
-4.49,-4.717187080233396
-6.11,-5.598506103424174
-6.0,-5.555262512201845
-4.87,-5.262871005553052
-6.15,-5.742121652064632
-6.27,-5.8605909991794585
-7.0,-6.650909856953058
-6.36,-5.563775212265678
-5.48,-4.972770733010118
-6.09,-5.44305262913942
-5.43,-5.425996608827796
-5.98,-5.746448446571671
-5.33,-5.8113177904336
-5.56,-5.556383963949275
-5.94,-5.4488203390219505
-4.92,-5.488399368694957
-5.83,-5.754722613986275
-5.26,-5.597126288752841
-5.78,-6.210895750868177
-5.27,-5.910963591561547
-6.31,-6.010192084709956
-6.2,-6.173308687352781
-6.85,-5.828180594800281
-5.89,-5.784607095206413
-6.2,-5.745590040855547
-5.29,-5.742121652064632
-6.28,-6.0250555930085055
-4.91,-5.155642000841073
-5.28,-5.4488203390219505
-8.06,-6.248873564716354
-5.87,-5.756985160363181
-5.73,-5.831002859649335
-5.74,-5.621069024874058
-5.67,-5.955346672944428
-4.96,-4.9652170763969234
-5.6,-5.779874740812537
-4.92,-5.6887192046347534
-6.28,-6.210895750868177
-5.75,-5.508020539294049
-6.02,-6.020733946962138
-5.68,-5.8113177904336
-5.69,-5.686860293163923
-6.55,-5.9455458070856375
-4.89,-5.48167408210503
-4.8,-4.903213655958535
-8.84,-7.388714850850876
-5.59,-6.601118688394879
-6.64,-6.422007093418289
-5.19,-4.9652170763969234
-5.06,-5.425996608827796
-5.77,-6.073672969136849
-6.7,-7.496835002616446
-6.03,-5.8113177904336
-5.74,-5.280069359011503
-6.01,-6.149559177622908
-5.4,-5.680306222331162
-4.85,-5.313141868596243
-5.3,-5.488399368694957
-6.77,-6.452451812904448
-6.69,-6.150310800845103
-5.35,-5.6878401870997815
-6.82,-6.121450459703312
-7.52,-6.55306437021266
-5.73,-5.695205651858203
-5.37,-5.821022582730152
-6.25,-5.906889068135394
-4.19,-4.773539794812872
-6.15,-5.883134273288388
-4.52,-4.922857777276886
-5.36,-4.972770733010118
-6.16,-6.121450459703312
-5.92,-5.75695491121503
-5.94,-5.8487471703506
-4.37,-4.922857777276886
-6.85,-5.99587426946629
-5.75,-5.756985160363181
-4.7,-4.878992319346019
-4.6,-4.842073473107079
-7.0,-6.339150444970171
-6.74,-5.861227489204073
-6.35,-5.861227489204073
-6.34,-6.0250555930085055
-5.4,-5.790307799991546
-5.19,-5.669227583915554
-4.49,-4.880471808424211
-6.31,-6.0250555930085055
-4.91,-5.891943742063666
-5.99,-6.121450459703312
-6.62,-6.05059919372741
-5.21,-5.3601270871623825
-5.53,-5.182453587859575
-5.0,-5.745590040855547
-5.8,-5.838922388573057
-6.63,-5.938796718752262
-5.31,-5.598506103424174
-5.66,-6.114626668260859
-5.1,-5.598506103424174
-5.15,-5.8113177904336
-4.57,-4.764834360075685
-5.8,-5.450207947523103
-6.42,-5.754722613986275
-4.54,-5.30432761428926
-6.27,-5.802449497219595
-6.17,-6.010192084709956
-5.9,-5.730720247533458
-5.24,-5.945590925639857
-5.77,-6.316083451423811
-8.15,-8.044651138581312
-5.31,-5.715832923399326
-5.62,-5.938796718752262
-5.58,-5.909706492915654
-8.52,-6.55306437021266
-6.11,-6.090040294461268
-5.34,-5.598506103424174
-5.54,-5.779406803490746
-7.0,-6.224237877643791
-5.65,-5.779406803490746
-5.95,-5.8113177904336
-5.76,-5.488399368694957
-5.02,-5.61198979705139
-6.49,-5.8113177904336
-5.09,-5.482868655075648
-6.31,-5.779406803490746
-5.37,-5.536143728823174
-7.85,-6.150310800845103
-5.39,-5.779406803490746
-5.93,-5.556383963949275
-5.07,-5.425996608827796
-5.68,-5.178465731035228
-6.05,-5.598506103424174
-5.17,-5.426994739297368
-4.82,-5.4488203390219505
-7.8,-7.545490264431195
-5.52,-5.730720247533458
-5.63,-5.598506103424174
-7.05,-6.55306437021266
-4.74,-4.764834360075685
-6.49,-5.710663917293936
-5.09,-5.891943742063666
-6.3,-6.302342936286473
-5.08,-5.596906010901862
-5.24,-6.0250555930085055
-4.96,-5.756985160363181
-4.68,-5.062861416453157
-5.89,-5.894797866062885
-5.54,-6.186958176615099
-6.41,-6.305153227988362
-6.33,-6.443226807293456
-7.11,-6.556302151865503
-5.07,-5.4488203390219505
-5.89,-5.725527425592485
-5.5,-5.068171960451261
-5.09,-5.596906010901862
-5.62,-5.876352798550733
-5.03,-5.476686626985081
-5.82,-5.596603939511859
-5.06,-5.907858568592934
-4.99,-5.3601270871623825
-5.44,-5.710663917293936
-6.42,-6.0367747104229466
-5.62,-5.777047986375296
-6.9,-6.121450459703312
-4.8,-5.177328446759427
-5.46,-5.552980292561483
-5.29,-5.5697986068815775
-6.11,-6.10617038163587
-6.46,-5.834536703875868
-6.45,-6.029525114250808
-5.18,-5.710663917293936
-6.76,-6.150310800845103
-5.12,-6.3235576525730135
-5.05,-5.425996608827796
-5.1,-5.3240723076766345
-5.36,-5.95174425567045
-6.07,-5.596214011676955
-6.27,-5.906889068135394
-7.0,-6.660057582289466
-6.15,-5.960336372285271
-5.38,-5.2642203668744685
-4.38,-5.146210452919326
-5.47,-5.85262610123955
-6.31,-6.176535305858824
-6.07,-5.721945378082369
-5.26,-5.69907766506844
-6.85,-5.971070663066344
-5.09,-5.598506103424174
-4.26,-4.922857777276886
-4.54,-4.779201083002607
-5.9,-5.934439391982457
-8.05,-7.624624726657208
-6.2,-5.938796718752262
-4.74,-4.882618487532919
-5.86,-6.0367747104229466
-5.47,-5.482033638980692
-6.67,-6.55306437021266
-6.08,-6.719911681871736
-7.13,-5.886000803722158
-6.3,-6.10617038163587
-5.16,-5.0186693667387985
-5.21,-5.597126288752841
-6.34,-5.946347031205006
-6.43,-5.861227489204073
-4.64,-4.779201083002607
-5.64,-5.69907766506844
-8.0,-6.515066207079172
-4.5,-5.1829174404962135
-4.88,-5.4246031167395845
-5.93,-5.596603939511859
-5.06,-5.737664602558035
-6.23,-6.506843863295793
-6.04,-5.883134273288388
-5.49,-5.742121652064632
-4.51,-4.731873191139602
-6.25,-6.0250555930085055
-5.68,-5.971070663066344
-4.44,-4.880471808424211
-5.81,-6.285239161014142
-5.46,-5.480937854401755
-4.39,-4.880471808424211
-6.05,-5.954307931735811
-5.22,-5.555369519155324
-4.48,-4.764834360075685
-5.41,-5.329553394203822
-6.79,-6.008588925082205
-4.96,-5.754722613986275
-5.51,-5.61198979705139
-5.48,-5.8113177904336
-5.97,-5.695614180437275
-5.11,-5.002392075028958
-6.24,-5.8113177904336
-5.0,-4.988022110270296
-4.77,-4.933919427684563
-4.94,-5.695205651858203
-5.35,-5.178465731035228
-5.49,-5.536143728823174
-5.6,-5.719000423912478
-5.8,-5.98596640667499
-5.43,-5.742121652064632
-5.44,-5.596603939511859
-4.7,-4.999899160512648
-5.95,-6.0367747104229466
-5.22,-5.4488203390219505
-5.96,-6.245337462410176
-5.02,-5.598506103424174
-8.0,-5.683010698012463
-6.3,-5.779406803490746
-5.78,-6.084645150350004
-7.7,-6.850255709544318
-6.94,-6.020733946962138
-5.61,-5.756985160363181
-4.43,-4.876889760914095
-5.31,-5.429638853605376
-6.03,-5.621069024874058
-4.77,-4.9077169048682725
-4.55,-4.806735668539069
-5.74,-5.508020539294049
-5.55,-5.754722613986275
-5.19,-5.597126288752841
-5.32,-5.742121652064632
-7.89,-7.635028636503691
-5.22,-5.488399368694957
-5.56,-5.788449390906469
-6.21,-6.3235576525730135
-5.11,-5.8113177904336
-4.41,-4.947176052423837
-5.68,-5.61198979705139
-5.77,-5.906889068135394
-5.36,-5.536143728823174
-5.74,-5.755389817286668
-4.91,-5.289443359609746
-6.66,-6.121450459703312
-5.86,-5.596603939511859
-5.06,-5.930134301495426
-4.8,-4.775077532216599
-6.01,-6.020733946962138
-5.89,-5.52124297100552
-5.85,-5.554935098583028
-5.78,-5.756985160363181
-5.07,-5.4636838473205
-5.96,-5.438953302326861
-5.55,-5.761072257733022
-5.46,-5.8113177904336
-5.82,-5.934439391982457
-4.81,-5.831708268497164
-6.04,-6.121450459703312
-6.64,-6.961374027828393
-5.49,-5.296174134712769
-5.7,-5.621069024874058
-6.84,-6.55306437021266
-5.2,-5.6878401870997815
-5.76,-6.0367747104229466
-5.43,-5.508020539294049
-5.71,-5.742121652064632
-7.23,-5.954307931735811
-5.96,-5.683157115249316
-5.86,-5.906889068135394
-5.32,-5.542565743324844
-5.93,-5.829597089913613
-8.4,-7.7308125356712925
-4.52,-4.925757244948011
-5.27,-5.536143728823174
-6.69,-6.357416496938016
-5.57,-5.730720247533458
-5.05,-5.421526982369979
-5.58,-6.248873564716354
-7.62,-6.699375991340125
-6.57,-5.993601844555882
-5.05,-5.536143728823174
-6.22,-5.638049245253432
-5.15,-5.482868655075648
-5.55,-5.741029960255231
-5.23,-5.43881357713187
-6.16,-5.938796718752262
-4.83,-5.831708268497164
-5.52,-5.766762108621799
-4.49,-4.970096536073948
-6.06,-6.176535305858824
-4.85,-5.852027458372378
-6.11,-5.4782227448550636
-5.79,-5.756985160363181
-4.77,-4.880471808424211
-4.68,-5.299753876983683
-5.9,-5.598506103424174
-6.45,-6.150310800845103
-5.0,-5.064929773855791
-5.3,-5.596603939511859
-6.86,-6.46860653362135
-5.28,-5.597126288752841
-6.48,-5.877164320763336
-6.17,-5.6813437252087855
-6.92,-5.961768454660207
-6.68,-5.745590040855547
-5.85,-5.742121652064632
-4.92,-5.178721938847638
-5.22,-5.192997397921341
-5.45,-5.598506103424174
-4.7,-4.903213655958535
-5.97,-5.686860293163923
-6.18,-5.938796718752262
-6.09,-5.598506103424174
-5.47,-5.777511014314421
-5.04,-5.154248508752862
-4.55,-4.806735668539069
-6.5,-5.336403833813752
-4.39,-4.806735668539069
-8.1,-6.539954831579488
-4.98,-5.790578672795337
-5.07,-5.597126288752841
-4.59,-4.880471808424211
-4.89,-4.779201083002607
-5.63,-5.788449390906469
-5.61,-5.756985160363181
-6.66,-6.039138816924196
-5.75,-5.938796718752262
-5.85,-6.121450459703312
-6.91,-5.9455458070856375
-5.21,-6.121450459703312
-8.12,-6.47895810956756
-7.0,-6.913734242682729
-6.15,-5.77349454322449
-5.33,-5.831002859649335
-5.41,-5.756985160363181
-4.8,-4.999899160512648
-4.77,-5.203042727579805
-5.42,-5.99578505151198
-5.48,-5.556383963949275
-6.11,-6.0250555930085055
-5.88,-5.99578505151198
-4.82,-4.985979973766395
-5.94,-5.923933210453713
-4.89,-5.4488203390219505
-5.08,-5.815422018303532
-6.42,-5.57980603917064
-5.64,-5.678069125875252
-4.85,-5.34368633386249
-5.08,-5.289443359609746
-4.52,-4.764834360075685
-6.08,-6.0250555930085055
-6.31,-6.010192084709956
-5.92,-6.1111268177477545
-5.93,-6.121450459703312
-5.72,-6.227783704624734
-7.74,-7.7308125356712925
-5.28,-5.2074690677882325
-7.47,-6.556302151865503
-5.97,-5.822211692360664
-4.7,-4.9895620212765115
-5.55,-5.598506103424174
-6.25,-5.742121652064632
-6.03,-5.7455837558320075
-5.17,-5.426994739297368
-6.07,-6.150310800845103
-5.41,-5.478592474173269
-5.33,-5.598506103424174
-5.89,-5.789155352850176
-7.68,-6.030871446899569
-5.92,-5.598506103424174
-5.4,-6.291932101630527
-6.24,-5.598506103424174
-5.37,-5.581200011412751
-5.1,-5.3240723076766345
-5.9,-5.861227489204073
-6.11,-5.83393896640512
-5.1,-5.429638853605376
-5.75,-5.938796718752262
-5.8,-5.8113177904336
-5.61,-5.678069125875252
-4.77,-5.219756550035536
-5.9,-5.756985160363181
-5.95,-5.756985160363181
-4.7,-5.381072866099147
-5.44,-5.596603939511859
-6.14,-5.920456772913489
-5.0,-5.426994739297368
-5.84,-5.596603939511859
-5.46,-5.742121652064632
-5.51,-5.745590040855547
-5.27,-5.451809960904006
-5.27,-6.285239161014142
-7.48,-6.118535428742734
-5.59,-5.443358826007315
-5.94,-5.742121652064632
-5.33,-5.861227489204073
-4.57,-5.269903954465091
-4.77,-5.053186839224
-5.86,-6.121450459703312
-5.77,-5.452435283379251
-5.58,-5.5307833166397975
-5.16,-5.489792860783168
-5.71,-5.876352798550733
-6.15,-6.121450459703312
-6.73,-5.8113177904336
-5.38,-5.256217897015425
-4.77,-4.944630155398205
-5.34,-5.7455837558320075
-5.66,-6.041022463624773
-5.82,-5.83393896640512
-6.29,-5.923933210453713
-6.54,-6.684653630130051
-5.77,-5.938597378278987
-4.64,-4.773539794812872
-5.74,-5.6778554222258455
-5.85,-5.365490463418565
-4.68,-5.537688425607172
-6.05,-5.829597089913613
-4.46,-4.859617409512038
-5.1,-5.722755975705266
-4.82,-4.944630155398205
-5.85,-5.906889068135394
-5.19,-6.121450459703312
-4.39,-5.194314726644661
-4.8,-4.779201083002607
-5.14,-4.755159782846528
-7.49,-6.010192084709956
-5.5,-5.843252042504893
-4.94,-5.425996608827796
-6.88,-6.091296836894617
-5.19,-5.635080737822758
-5.59,-5.582571519370616
-5.54,-5.87457862733315
-5.69,-5.57980603917064
-4.22,-4.717187080233396
-5.1,-5.212123462020236
-5.29,-6.0250555930085055
-5.66,-5.388550605967699
-5.34,-5.192997397921341
-5.91,-5.7455837558320075
-5.38,-5.878760348101404
-5.68,-5.742121652064632
-5.92,-6.150310800845103
-5.49,-5.4488203390219505
-7.03,-7.4133013459349995
-5.88,-5.934439391982457
-5.09,-5.420506280474648
-5.99,-5.732892890350906
-5.33,-5.597126288752841
-5.47,-5.741029960255231
-5.52,-5.338431349970117
-5.98,-5.508020539294049
-6.3,-5.938796718752262
-8.0,-5.661179961429029
-4.3,-4.764834360075685
-5.9,-6.121450459703312
-5.26,-5.771290768130501
-5.62,-5.9455458070856375
-5.65,-5.779406803490746
-5.07,-5.3601270871623825
-5.62,-5.8113177904336
-6.0,-6.177020636869281
-6.22,-6.0367747104229466
-6.64,-6.961374027828393
-6.38,-6.121450459703312
-4.5,-4.903213655958535
-5.33,-5.598506103424174
-5.33,-5.756254754517446
-5.49,-5.8487471703506
-5.33,-5.581200011412751
-5.73,-5.7104790695996135
-6.12,-6.10617038163587
-6.01,-5.708352829242102
-5.45,-5.581200011412751
-6.85,-5.924756982939792
-4.52,-4.852025769717587
-5.95,-5.938796718752262
-6.29,-5.923933210453713
-6.72,-5.789583024280097
-5.31,-6.330381099049862
-5.01,-5.765129807417763
-7.06,-6.171360158473785
-4.35,-4.9192757297667695
-5.74,-5.725342577898163
-5.43,-5.4488203390219505
-7.18,-6.872880784418888
-5.3,-5.597126288752841
-4.48,-4.880471808424211
-6.12,-5.834558366837805
-4.87,-5.155642000841073
-5.16,-5.7455837558320075
-4.72,-5.421526982369979
-5.82,-5.946347031205006
-5.48,-4.922857777276886
-4.94,-5.800978281719662
-5.33,-5.742121652064632
-5.53,-5.718457075099429
-5.84,-5.598506103424174
-4.57,-4.772272031640696
-5.52,-5.45510624976077
-5.66,-5.783142760696485
-6.59,-6.55306437021266
-5.56,-5.6346196954562195
-6.05,-6.020733946962138
-5.46,-5.596603939511859
-5.03,-5.8605909991794585
-5.22,-5.627670713577374
-5.61,-5.7455837558320075
-5.57,-5.382950817356537
-5.91,-5.756985160363181
-6.21,-5.945590925639857
-5.22,-5.3240723076766345
-6.79,-6.171360158473785
-5.47,-6.121450459703312
-4.68,-4.959221039568454
-9.0,-6.55306437021266
-5.88,-5.945590925639857
-5.83,-5.741029960255231
-5.11,-5.6878401870997815
-5.47,-5.492001228206376
-5.93,-5.4636838473205
-6.09,-5.83393896640512
-6.76,-5.8113177904336
-6.38,-5.923933210453713
-4.37,-5.28746639473638
-5.0,-4.972770733010118
-6.33,-5.8113177904336
-6.44,-5.695439567953854
-6.81,-6.10617038163587
-5.02,-5.178465731035228
-5.69,-5.601262837424866
-5.37,-5.544422404069712
-5.09,-5.154248508752862
-6.38,-6.0250555930085055
-5.47,-5.831708268497164
-6.05,-5.756806808441451
-5.96,-6.16985821066825
-6.95,-6.0250555930085055
-6.4,-6.147451596523763
-5.53,-5.866622338057139
-4.96,-6.107807881892135
-5.32,-5.744055875885306
-5.73,-5.643454027594678
-5.74,-5.717475558678736
-4.92,-5.57333508695462
-6.0,-5.916234646634684
-5.78,-5.779406803490746
-5.12,-5.5866648424205785
-5.98,-5.710663917293936
-5.35,-5.784948483050049
-4.77,-5.350572016010003
-6.21,-5.83393896640512
-6.01,-5.779874740812537
-6.0,-5.425996608827796
-6.25,-5.069298759936368
-5.18,-5.598506103424174
-5.14,-5.365490463418565
-5.22,-4.922857777276886
-5.6,-5.7454054039102775
-5.93,-6.121450459703312
-4.51,-4.915517916101367
-5.8,-5.945590925639857
-5.72,-5.638049245253432
-5.04,-5.725527425592485
-5.89,-5.855515188524906
-5.86,-5.742121652064632
-6.04,-5.7455837558320075
-4.55,-5.96643454821126
-5.96,-5.889216947310547
-5.41,-5.365490463418565
-7.24,-5.637655323837454
-4.84,-5.75695491121503
-5.85,-5.072563492251527
-4.74,-5.064929773855791
-5.58,-5.67743324325906
-5.16,-5.4246031167395845
-5.4,-6.121450459703312
-4.79,-5.705162226168142
-4.21,-4.764834360075685
-5.54,-5.216214253763167
-5.79,-5.90873002465312
-5.15,-6.0250555930085055
-5.77,-5.730720247533458
-5.69,-5.756985160363181
-5.21,-5.555369519155324
-6.04,-5.861227489204073
-5.71,-6.121450459703312
-5.43,-5.678069125875252
-4.41,-5.722755975705266
-6.0,-6.075641652111494
-5.37,-5.756985160363181
-5.83,-6.029525114250808
-5.92,-5.7830961062826916
